Cluster,Event_ID
0,26516008Events_pair1
0,26516008Events_pair6
0,26516008Events_pair19
0,26516008Events_pair20
0,26516008Events_pair23
0,26516008Events_pair24
0,26516008Events_pair29
0,26516008Events_pair41
0,26516008Events_pair44
0,26516008Events_pair46
0,26516008Events_pair49
0,26516008Events_pair51
0,26516008Events_pair61
0,26516008Events_pair68
0,26516008Events_pair92
0,26516008Events_pair104
0,26516008Events_pair114
0,26516008Events_pair115
0,26516008Events_pair129
0,26516008Events_pair143
0,26516008Events_pair155
0,26516008Events_pair157
0,26516008Events_pair173
0,26516008Events_pair187
0,26516008Events_pair205
0,26516008Events_pair209
0,26516008Events_pair222
0,26516008Events_pair223
0,26516008Events_pair224
0,26516008Events_pair226
0,26516008Events_pair228
0,26516008Events_pair229
0,26516008Events_pair240
0,26516008Events_pair253
0,26516008Events_pair256
0,26516008Events_pair276
0,26516008Events_pair279
0,26516008Events_pair281
0,26516008Events_pair287
0,26516008Events_pair297
0,26516008Events_pair305
0,26516008Events_pair309
0,26516008Events_pair312
0,26516008Events_pair328
0,26516008Events_pair335
0,26516008Events_pair338
0,26516008Events_pair349
0,26516008Events_pair350
0,26516008Events_pair351
0,26516008Events_pair352
0,26516008Events_pair355
0,26516008Events_pair369
0,26516008Events_pair373
0,26516008Events_pair377
0,26516008Events_pair387
0,26516008Events_pair404
0,26516008Events_pair435
0,26516008Events_pair449
0,26516008Events_pair469
0,26516008Events_pair496
0,26516008Events_pair499
0,26516008Events_pair500
0,26516008Events_pair519
0,26516008Events_pair532
0,26516008Events_pair533
0,26516008Events_pair535
0,26516008Events_pair536
0,26516008Events_pair541
0,26516008Events_pair542
0,26516008Events_pair544
0,26516008Events_pair546
