Event,Num_Peaks,Peak_Positions,IgG_Similarity,apo-Tf_Similarity,Predicted_Class,Best_Score,Confidence,Certainty_Prob
26331012-1Events_pair1,4,"[0.9467808219178082, 0.9484246575342465, 0.9492465753424657, 0.9647260273972603]",0.475,0.475,IgG,0.475,0.0,0.5
26331012-1Events_pair2,6,"[0.8208904109589041, 0.8217123287671233, 0.822945205479452, 0.8237671232876712, 0.8673287671232877, 0.8685616438356164]",0.417,0.417,IgG,0.417,0.0,0.5
26331012-1Events_pair3,15,"[0.5808904109589041, 0.5847260273972603, 0.6737671232876712, 0.675, 0.6758219178082192, 0.6786986301369863, 0.682945205479452, 0.6841780821917808, 0.6854109589041096, 0.6862328767123288, 0.8330821917808219, 0.8343150684931507, 0.8367808219178082, 0.8400684931506849, 0.8836301369863013]",0.0,0.0,Uncertain,0.0,0.0,0.0
26331012-1Events_pair4,9,"[0.9070547945205479, 0.9132191780821918, 0.915, 0.9158219178082192, 0.9186986301369863, 0.9245890410958905, 0.9484246575342465, 0.9492465753424657, 0.9547260273972603]",0.417,0.387,IgG,0.417,0.029,0.536
26331012-1Events_pair6,2,"[0.9604794520547946, 0.9613013698630137]",0.65,0.0,IgG,0.65,0.65,0.963
26331012-1Events_pair11,2,"[0.9613013698630137, 0.9621232876712329]",0.65,0.0,IgG,0.65,0.65,0.963
26331012-1Events_pair12,2,"[0.9608904109589042, 0.9617123287671233]",0.65,0.0,IgG,0.65,0.65,0.963
26331012-1Events_pair14,2,"[0.9600684931506849, 0.9613013698630137]",0.65,0.0,IgG,0.65,0.65,0.963
26331012-1Events_pair18,2,"[0.9604794520547946, 0.9626712328767123]",0.65,0.0,IgG,0.65,0.65,0.963
26331012-1Events_pair20,2,"[0.9608904109589042, 0.9617123287671233]",0.65,0.0,IgG,0.65,0.65,0.963
26331012-1Events_pair21,5,"[0.9313013698630137, 0.9325342465753425, 0.9337671232876712, 0.9604794520547946, 0.9617123287671233]",0.574,0.0,IgG,0.574,0.574,0.946
26331012-1Events_pair24,2,"[0.9604794520547946, 0.9617123287671233]",0.65,0.0,IgG,0.65,0.65,0.963
26331012-1Events_pair27,8,"[0.7823972602739726, 0.7845890410958904, 0.7995205479452054, 0.8013013698630137, 0.805, 0.915, 0.9166438356164384, 0.963904109589041]",0.417,0.0,IgG,0.417,0.417,0.889
26331012-1Events_pair28,6,"[0.8923972602739726, 0.8940410958904109, 0.930068493150685, 0.9308904109589041, 0.9517123287671233, 0.9547260273972603]",0.417,0.493,apo-Tf,0.493,0.077,0.595
26331012-1Events_pair30,2,"[0.9467808219178082, 0.9517123287671233]",0.0,0.65,apo-Tf,0.65,0.65,0.963
26331012-1Events_pair34,15,"[0.8171917808219178, 0.8188356164383561, 0.8213013698630137, 0.8221232876712329, 0.8237671232876712, 0.8245890410958904, 0.8267808219178082, 0.8760958904109589, 0.8928082191780822, 0.8965068493150685, 0.9011643835616439, 0.9028082191780822, 0.9048630136986301, 0.9504794520547946, 0.9517123287671233]",0.525,0.444,IgG,0.525,0.081,0.6
26331012-1Events_pair35,15,"[0.7723972602739726, 0.7748630136986301, 0.8137671232876712, 0.8145890410958904, 0.8213013698630137, 0.8237671232876712, 0.8251369863013699, 0.8677397260273972, 0.8702054794520548, 0.874041095890411, 0.8781506849315068, 0.9103424657534247, 0.945, 0.9504794520547946, 0.9533561643835616]",0.484,0.45,IgG,0.484,0.034,0.543
26331012-1Events_pair36,3,"[0.9441780821917808, 0.945, 0.9458219178082192]",0.0,0.533,apo-Tf,0.533,0.533,0.935
26331012-1Events_pair37,2,"[0.9551369863013699, 0.9567808219178082]",0.0,0.0,Uncertain,0.0,0.0,0.0
26331012-1Events_pair38,10,"[0.6954109589041096, 0.6967808219178082, 0.8113013698630137, 0.8125342465753425, 0.8137671232876712, 0.815, 0.9392465753424658, 0.9408904109589041, 0.9417123287671233, 0.9433561643835616]",0.0,0.0,Uncertain,0.0,0.0,0.0
26331012-1Events_pair39,2,"[0.8304794520547946, 0.8313013698630137]",0.65,0.0,IgG,0.65,0.65,0.963
26331012-1Events_pair40,2,"[0.9262328767123288, 0.930068493150685]",0.65,0.0,IgG,0.65,0.65,0.963
26331012-1Events_pair41,4,"[0.9358219178082192, 0.9366438356164384, 0.9384246575342465, 0.9463698630136986]",0.0,0.475,apo-Tf,0.475,0.475,0.915
26331012-1Events_pair46,5,"[0.9484246575342465, 0.9592465753424657, 0.9630821917808219, 0.9659589041095891, 0.9667808219178082]",0.44,0.44,IgG,0.44,0.0,0.5
26331012-1Events_pair48,10,"[0.8978767123287671, 0.9044520547945205, 0.9052739726027397, 0.9128082191780822, 0.919931506849315, 0.9221232876712329, 0.9291095890410959, 0.935, 0.9362328767123288, 0.9706164383561644]",0.522,0.387,IgG,0.522,0.134,0.662
26331012-1Events_pair50,3,"[0.9291095890410959, 0.9304794520547945, 0.9404794520547946]",0.533,0.0,IgG,0.533,0.533,0.935
26331012-1Events_pair52,4,"[0.9341780821917808, 0.935, 0.9471917808219178, 0.9484246575342465]",0.475,0.475,IgG,0.475,0.0,0.5
26331012-1Events_pair53,7,"[0.8008904109589041, 0.802945205479452, 0.8392465753424657, 0.8404794520547946, 0.8418493150684931, 0.843904109589041, 0.8860958904109589]",0.0,0.0,Uncertain,0.0,0.0,0.0
26331012-1Events_pair55,2,"[0.911986301369863, 0.9141780821917809]",0.65,0.0,IgG,0.65,0.65,0.963
26331012-1Events_pair56,3,"[0.9211643835616439, 0.9262328767123288, 0.9286986301369863]",0.533,0.0,IgG,0.533,0.533,0.935
26331012-1Events_pair57,5,"[0.8777397260273972, 0.8785616438356164, 0.8806164383561644, 0.8815753424657534, 0.8823972602739726]",0.0,0.0,Uncertain,0.0,0.0,0.0
26331012-1Events_pair58,15,"[0.8765068493150685, 0.8773287671232877, 0.8991095890410958, 0.9103424657534247, 0.9115753424657534, 0.9145890410958905, 0.9158219178082192, 0.917054794520548, 0.940068493150685, 0.9421232876712329, 0.9441780821917808, 0.945, 0.9471917808219178, 0.950068493150685, 0.9508904109589041]",0.417,0.387,IgG,0.417,0.029,0.536
26331012-1Events_pair59,15,"[0.8815753424657534, 0.8823972602739726, 0.8948630136986301, 0.9128082191780822, 0.9162328767123288, 0.9178767123287671, 0.9195205479452054, 0.9233561643835616, 0.9274657534246575, 0.9313013698630137, 0.9408904109589041, 0.942945205479452, 0.9441780821917808, 0.9467808219178082, 0.9517123287671233]",0.417,0.431,apo-Tf,0.431,0.015,0.518
26331012-1Events_pair60,11,"[0.8940410958904109, 0.8948630136986301, 0.8956849315068494, 0.9241780821917808, 0.9325342465753425, 0.9384246575342465, 0.9408904109589041, 0.9421232876712329, 0.9445890410958904, 0.9463698630136986, 0.9488356164383561]",0.417,0.436,apo-Tf,0.436,0.019,0.524
26331012-1Events_pair61,10,"[0.8923972602739726, 0.8936301369863013, 0.8952739726027398, 0.8965068493150685, 0.8978767123287671, 0.9337671232876712, 0.9345890410958904, 0.9404794520547946, 0.9441780821917808, 0.945]",0.417,0.443,apo-Tf,0.443,0.026,0.533
26331012-1Events_pair62,9,"[0.930068493150685, 0.9308904109589041, 0.9321232876712329, 0.9337671232876712, 0.9362328767123288, 0.9421232876712329, 0.9555479452054795, 0.958013698630137, 0.9588356164383561]",0.504,0.0,IgG,0.504,0.504,0.925
26331012-1Events_pair63,15,"[0.8781506849315068, 0.878972602739726, 0.8797945205479452, 0.930068493150685, 0.9308904109589041, 0.9337671232876712, 0.935, 0.9362328767123288, 0.9378767123287671, 0.9392465753424658, 0.9417123287671233, 0.945, 0.9458219178082192, 0.9467808219178082, 0.9525342465753425]",0.417,0.387,IgG,0.417,0.029,0.536
26331012-1Events_pair64,2,"[0.9417123287671233, 0.9445890410958904]",0.0,0.65,apo-Tf,0.65,0.65,0.963
26331012-1Events_pair65,13,"[0.8702054794520548, 0.8785616438356164, 0.8828082191780822, 0.8836301369863013, 0.9392465753424658, 0.9404794520547946, 0.942945205479452, 0.9441780821917808, 0.9484246575342465, 0.963904109589041, 0.9647260273972603, 0.9667808219178082, 0.968013698630137]",0.417,0.413,IgG,0.417,0.004,0.505
26331012-1Events_pair66,8,"[0.8104794520547945, 0.8141780821917808, 0.8158219178082192, 0.8166438356164384, 0.818013698630137, 0.8196575342465754, 0.8221232876712329, 0.8255479452054795]",0.417,0.0,IgG,0.417,0.417,0.889
26331012-1Events_pair68,3,"[0.891986301369863, 0.8952739726027398, 0.9358219178082192]",0.0,0.533,apo-Tf,0.533,0.533,0.935
26331012-1Events_pair70,5,"[0.7903424657534247, 0.792945205479452, 0.795, 0.7966438356164384, 0.7982876712328767]",0.0,0.44,apo-Tf,0.44,0.44,0.9
26331012-1Events_pair75,2,"[0.838013698630137, 0.8392465753424657]",0.0,0.0,Uncertain,0.0,0.0,0.0
26331012-1Events_pair76,5,"[0.8037671232876712, 0.8045890410958904, 0.8062328767123288, 0.871027397260274, 0.8718493150684932]",0.0,0.0,Uncertain,0.0,0.0,0.0
26331012-1Events_pair77,4,"[0.9136301369863014, 0.9145890410958905, 0.9154109589041096, 0.9166438356164384]",0.0,0.0,Uncertain,0.0,0.0,0.0
26331012-1Events_pair78,2,"[0.8956849315068494, 0.9441780821917808]",0.0,0.97,apo-Tf,0.97,0.97,0.992
26331012-1Events_pair80,10,"[0.7832191780821918, 0.8033561643835616, 0.8082876712328767, 0.8092465753424658, 0.810068493150685, 0.8125342465753425, 0.8400684931506849, 0.8426712328767123, 0.8434931506849315, 0.8530821917808219]",0.0,0.0,Uncertain,0.0,0.0,0.0
26331012-1Events_pair81,15,"[0.8606164383561644, 0.8626712328767123, 0.8639041095890411, 0.891986301369863, 0.8936301369863013, 0.9095205479452054, 0.915, 0.9308904109589041, 0.9321232876712329, 0.9354109589041096, 0.9388356164383561, 0.9396575342465754, 0.9421232876712329, 0.9454109589041096, 0.9463698630136986]",0.64,0.541,IgG,0.64,0.099,0.621
26331012-1Events_pair84,9,"[0.5491095890410959, 0.6165068493150685, 0.6177397260273972, 0.618972602739726, 0.8245890410958904, 0.825958904109589, 0.8267808219178082, 0.8639041095890411, 0.8656849315068493]",0.417,0.387,IgG,0.417,0.029,0.536
26331012-1Events_pair86,9,"[0.7915753424657535, 0.8343150684931507, 0.8355479452054795, 0.8367808219178082, 0.8384246575342466, 0.8404794520547946, 0.8422602739726027, 0.9003424657534247, 0.9023972602739726]",0.0,0.387,apo-Tf,0.387,0.387,0.874
26331012-1Events_pair87,11,"[0.8643150684931507, 0.8651369863013698, 0.8685616438356164, 0.8956849315068494, 0.8973287671232877, 0.9007534246575343, 0.9040410958904109, 0.9048630136986301, 0.9078767123287671, 0.9091095890410958, 0.911986301369863]",0.417,0.452,apo-Tf,0.452,0.036,0.544
26331012-1Events_pair88,3,"[0.8651369863013698, 0.8730821917808219, 0.8744520547945206]",0.0,0.533,apo-Tf,0.533,0.533,0.935
26331012-1Events_pair90,2,"[0.8363698630136986, 0.8471917808219178]",0.0,0.0,Uncertain,0.0,0.0,0.0
26331012-1Events_pair91,2,"[0.8162328767123288, 0.878972602739726]",0.0,0.0,Uncertain,0.0,0.0,0.0
26331012-1Events_pair92,2,"[0.9559589041095891, 0.9608904109589042]",0.65,0.0,IgG,0.65,0.65,0.963
26331012-1Events_pair93,3,"[0.9504794520547946, 0.9559589041095891, 0.9567808219178082]",0.0,0.533,apo-Tf,0.533,0.533,0.935
26331012-1Events_pair95,2,"[0.9547260273972603, 0.9576027397260274]",0.65,0.0,IgG,0.65,0.65,0.963
26331012-1Events_pair96,2,"[0.9543150684931507, 0.958013698630137]",0.65,0.0,IgG,0.65,0.65,0.963
26331012-1Events_pair97,15,"[0.8008904109589041, 0.8033561643835616, 0.8058219178082192, 0.8074657534246575, 0.8476027397260274, 0.8484246575342466, 0.8514383561643836, 0.9488356164383561, 0.9496575342465754, 0.9504794520547946, 0.9525342465753425, 0.9567808219178082, 0.9576027397260274, 0.9592465753424657, 0.9643150684931507]",0.417,0.387,IgG,0.417,0.029,0.536
26331012-1Events_pair98,4,"[0.9374657534246575, 0.9413013698630137, 0.9504794520547946, 0.9517123287671233]",0.0,0.475,apo-Tf,0.475,0.475,0.915
26331012-1Events_pair100,2,"[0.950068493150685, 0.9555479452054795]",0.0,0.65,apo-Tf,0.65,0.65,0.963
26331012-1Events_pair101,2,"[0.952945205479452, 0.9563698630136986]",0.0,0.0,Uncertain,0.0,0.0,0.0
26331012-1Events_pair102,9,"[0.9274657534246575, 0.9304794520547945, 0.9345890410958904, 0.9362328767123288, 0.9404794520547946, 0.9413013698630137, 0.9445890410958904, 0.9567808219178082, 0.9576027397260274]",0.528,0.387,IgG,0.528,0.141,0.669
26331012-1Events_pair103,10,"[0.9313013698630137, 0.9374657534246575, 0.9388356164383561, 0.9408904109589041, 0.9441780821917808, 0.9463698630136986, 0.9543150684931507, 0.9551369863013699, 0.9563698630136986, 0.9571917808219178]",0.49,0.387,IgG,0.49,0.102,0.625
26331012-1Events_pair104,2,"[0.9404794520547946, 0.9547260273972603]",0.0,0.0,Uncertain,0.0,0.0,0.0
26331012-1Events_pair105,3,"[0.9525342465753425, 0.9588356164383561, 0.9617123287671233]",0.533,0.0,IgG,0.533,0.533,0.935
26331012-1Events_pair106,3,"[0.9513013698630137, 0.9521232876712329, 0.952945205479452]",0.0,0.533,apo-Tf,0.533,0.533,0.935
26331012-1Events_pair107,2,"[0.9533561643835616, 0.9643150684931507]",0.65,0.0,IgG,0.65,0.65,0.963
26331012-1Events_pair112,2,"[0.9576027397260274, 0.9584246575342465]",0.65,0.0,IgG,0.65,0.65,0.963
26331012-1Events_pair113,2,"[0.950068493150685, 0.9588356164383561]",0.65,0.65,IgG,0.65,0.0,0.5
26331012-1Events_pair114,3,"[0.9445890410958904, 0.9521232876712329, 0.9551369863013699]",0.0,0.533,apo-Tf,0.533,0.533,0.935
26331012-1Events_pair116,2,"[0.9476027397260274, 0.9537671232876712]",0.0,0.65,apo-Tf,0.65,0.65,0.963
26331012-1Events_pair122,8,"[0.9362328767123288, 0.9374657534246575, 0.9417123287671233, 0.9437671232876712, 0.945, 0.9467808219178082, 0.9492465753424657, 0.9533561643835616]",0.0,0.387,apo-Tf,0.387,0.387,0.874
26331012-1Events_pair124,2,"[0.9458219178082192, 0.9476027397260274]",0.0,0.65,apo-Tf,0.65,0.65,0.963
26331012-1Events_pair125,5,"[0.815, 0.8171917808219178, 0.818013698630137, 0.8204794520547946, 0.9458219178082192]",0.0,0.44,apo-Tf,0.44,0.44,0.9
26331012-1Events_pair131,2,"[0.9488356164383561, 0.9496575342465754]",0.0,0.65,apo-Tf,0.65,0.65,0.963
26331012-1Events_pair132,2,"[0.8539041095890411, 0.901986301369863]",0.0,0.0,Uncertain,0.0,0.0,0.0
26331012-1Events_pair135,3,"[0.948013698630137, 0.9492465753424657, 0.9604794520547946]",0.533,0.533,IgG,0.533,0.0,0.5
26331012-1Events_pair137,4,"[0.9467808219178082, 0.9484246575342465, 0.9508904109589041, 0.9517123287671233]",0.0,0.475,apo-Tf,0.475,0.475,0.915
26331012-1Events_pair138,2,"[0.9488356164383561, 0.950068493150685]",0.0,0.65,apo-Tf,0.65,0.65,0.963
26331012-1Events_pair143,2,"[0.9476027397260274, 0.9484246575342465]",0.0,0.65,apo-Tf,0.65,0.65,0.963
26331012-1Events_pair149,2,"[0.9492465753424657, 0.9508904109589041]",0.0,0.65,apo-Tf,0.65,0.65,0.963
26331012-1Events_pair151,2,"[0.948013698630137, 0.9488356164383561]",0.0,0.65,apo-Tf,0.65,0.65,0.963
26331012-1Events_pair153,2,"[0.9492465753424657, 0.950068493150685]",0.0,0.65,apo-Tf,0.65,0.65,0.963
26331012-1Events_pair154,6,"[0.935, 0.9366438356164384, 0.9392465753424658, 0.9454109589041096, 0.9496575342465754, 0.9508904109589041]",0.0,0.417,apo-Tf,0.417,0.417,0.889
26331012-1Events_pair158,7,"[0.9282876712328767, 0.9291095890410959, 0.930068493150685, 0.9313013698630137, 0.9321232876712329, 0.935, 0.9358219178082192]",0.417,0.0,IgG,0.417,0.417,0.889
26331012-1Events_pair159,7,"[0.9003424657534247, 0.9011643835616439, 0.9028082191780822, 0.9182876712328767, 0.9191095890410959, 0.9221232876712329, 0.9233561643835616]",0.0,0.0,Uncertain,0.0,0.0,0.0
26331012-1Events_pair160,13,"[0.8092465753424658, 0.8145890410958904, 0.8176027397260274, 0.8267808219178082, 0.8284246575342465, 0.8292465753424657, 0.8304794520547946, 0.8497945205479452, 0.8506164383561644, 0.8539041095890411, 0.8551369863013699, 0.8573287671232876, 0.8581506849315068]",0.507,0.0,IgG,0.507,0.507,0.927
26331012-1Events_pair161,5,"[0.851027397260274, 0.8522602739726027, 0.8547260273972602, 0.858972602739726, 0.8606164383561644]",0.44,0.0,IgG,0.44,0.44,0.9
26331012-1Events_pair162,15,"[0.8506164383561644, 0.8522602739726027, 0.8539041095890411, 0.9111643835616439, 0.9128082191780822, 0.9203424657534247, 0.9262328767123288, 0.927054794520548, 0.9286986301369863, 0.9525342465753425, 0.9537671232876712, 0.9563698630136986, 0.9584246575342465, 0.9592465753424657, 0.9617123287671233]",0.623,0.0,IgG,0.623,0.623,0.958
26331012-1Events_pair163,14,"[0.8188356164383561, 0.820068493150685, 0.8225342465753425, 0.8237671232876712, 0.8245890410958904, 0.9221232876712329, 0.9241780821917808, 0.9262328767123288, 0.927054794520548, 0.9308904109589041, 0.9321232876712329, 0.9333561643835616, 0.9358219178082192, 0.9396575342465754]",0.533,0.0,IgG,0.533,0.533,0.935
26331012-1Events_pair165,5,"[0.9458219178082192, 0.9471917808219178, 0.9488356164383561, 0.9543150684931507, 0.9621232876712329]",0.44,0.44,IgG,0.44,0.0,0.5
26331012-1Events_pair166,3,"[0.948013698630137, 0.9643150684931507, 0.9663698630136986]",0.533,0.533,IgG,0.533,0.0,0.5
26331012-1Events_pair167,8,"[0.9378767123287671, 0.9392465753424658, 0.940068493150685, 0.948013698630137, 0.9504794520547946, 0.9513013698630137, 0.9547260273972603, 0.9604794520547946]",0.417,0.387,IgG,0.417,0.029,0.536
26331012-1Events_pair168,7,"[0.8567808219178082, 0.8606164383561644, 0.8639041095890411, 0.8665068493150685, 0.8681506849315068, 0.8722602739726028, 0.874041095890411]",0.417,0.4,IgG,0.417,0.017,0.521
26331012-1Events_pair169,12,"[0.8877397260273973, 0.8893835616438356, 0.8911643835616438, 0.891986301369863, 0.8952739726027398, 0.8960958904109589, 0.8969178082191781, 0.9458219178082192, 0.9592465753424657, 0.9634931506849315, 0.9647260273972603, 0.9667808219178082]",0.417,0.442,apo-Tf,0.442,0.025,0.532
26331012-1Events_pair170,9,"[0.7143150684931507, 0.7155479452054795, 0.8171917808219178, 0.8459589041095891, 0.8467808219178082, 0.8932191780821918, 0.8960958904109589, 0.9325342465753425, 0.9362328767123288]",0.417,0.387,IgG,0.417,0.029,0.536
26331012-1Events_pair173,5,"[0.8940410958904109, 0.8952739726027398, 0.8969178082191781, 0.8978767123287671, 0.9078767123287671]",0.44,0.44,IgG,0.44,0.0,0.5
26331012-1Events_pair174,10,"[0.8037671232876712, 0.8054109589041096, 0.8062328767123288, 0.8074657534246575, 0.820068493150685, 0.8518493150684932, 0.8534931506849315, 0.8543150684931506, 0.8559589041095891, 0.8573287671232876]",0.417,0.0,IgG,0.417,0.417,0.889
26331012-1Events_pair175,8,"[0.7945890410958905, 0.7954109589041096, 0.7966438356164384, 0.8003424657534246, 0.8025342465753424, 0.8054109589041096, 0.8484246575342466, 0.8514383561643836]",0.0,0.387,apo-Tf,0.387,0.387,0.874
26331012-1Events_pair176,9,"[0.7076027397260274, 0.7084246575342465, 0.7100684931506849, 0.9178767123287671, 0.9186986301369863, 0.9203424657534247, 0.9215753424657535, 0.9258219178082192, 0.9266438356164384]",0.0,0.387,apo-Tf,0.387,0.387,0.874
26331012-1Events_pair177,2,"[0.9563698630136986, 0.9613013698630137]",0.65,0.0,IgG,0.65,0.65,0.963
26331012-1Events_pair178,7,"[0.9282876712328767, 0.9308904109589041, 0.940068493150685, 0.9421232876712329, 0.942945205479452, 0.950068493150685, 0.9508904109589041]",0.417,0.4,IgG,0.417,0.017,0.521
26331012-1Events_pair179,5,"[0.932945205479452, 0.9354109589041096, 0.937054794520548, 0.9437671232876712, 0.9458219178082192]",0.44,0.44,IgG,0.44,0.0,0.5
26331012-1Events_pair180,2,"[0.9445890410958904, 0.9525342465753425]",0.0,0.65,apo-Tf,0.65,0.65,0.963
26331012-1Events_pair181,3,"[0.9463698630136986, 0.9471917808219178, 0.9543150684931507]",0.0,0.533,apo-Tf,0.533,0.533,0.935
26331012-1Events_pair182,4,"[0.9458219178082192, 0.9467808219178082, 0.9476027397260274, 0.9584246575342465]",0.475,0.475,IgG,0.475,0.0,0.5
26331012-1Events_pair183,12,"[0.9178767123287671, 0.9195205479452054, 0.9258219178082192, 0.9282876712328767, 0.9521232876712329, 0.952945205479452, 0.9571917808219178, 0.9617123287671233, 0.9626712328767123, 0.9647260273972603, 0.9663698630136986, 0.9676027397260274]",0.524,0.0,IgG,0.524,0.524,0.932
26331012-1Events_pair185,2,"[0.9266438356164384, 0.9278767123287671]",0.65,0.0,IgG,0.65,0.65,0.963
26331012-1Events_pair186,5,"[0.927054794520548, 0.9278767123287671, 0.9543150684931507, 0.9551369863013699, 0.9563698630136986]",0.44,0.0,IgG,0.44,0.44,0.9
26331012-1Events_pair187,4,"[0.932945205479452, 0.9358219178082192, 0.9445890410958904, 0.9471917808219178]",0.475,0.475,IgG,0.475,0.0,0.5
26331012-1Events_pair189,2,"[0.9225342465753424, 0.9647260273972603]",0.65,0.0,IgG,0.65,0.65,0.963
26331012-1Events_pair191,9,"[0.9107534246575343, 0.9115753424657534, 0.9136301369863014, 0.9166438356164384, 0.9186986301369863, 0.9258219178082192, 0.9571917808219178, 0.9592465753424657, 0.9604794520547946]",0.492,0.0,IgG,0.492,0.492,0.921
26331012-1Events_pair193,3,"[0.9445890410958904, 0.9454109589041096, 0.9517123287671233]",0.0,0.533,apo-Tf,0.533,0.533,0.935
26331012-1Events_pair194,8,"[0.9215753424657535, 0.925, 0.9437671232876712, 0.9445890410958904, 0.9458219178082192, 0.9484246575342465, 0.9643150684931507, 0.9671917808219178]",0.417,0.387,IgG,0.417,0.029,0.536
26331012-1Events_pair196,2,"[0.9378767123287671, 0.9396575342465754]",0.0,0.0,Uncertain,0.0,0.0,0.0
26331012-1Events_pair199,3,"[0.940068493150685, 0.9413013698630137, 0.9551369863013699]",0.0,0.0,Uncertain,0.0,0.0,0.0
26331012-1Events_pair200,7,"[0.9195205479452054, 0.9211643835616439, 0.9225342465753424, 0.9454109589041096, 0.9463698630136986, 0.9476027397260274, 0.9488356164383561]",0.0,0.4,apo-Tf,0.4,0.4,0.881
26331012-1Events_pair203,2,"[0.9543150684931507, 0.9592465753424657]",0.65,0.0,IgG,0.65,0.65,0.963
26331012-1Events_pair205,3,"[0.952945205479452, 0.9567808219178082, 0.9604794520547946]",0.533,0.0,IgG,0.533,0.533,0.935
26331012-1Events_pair206,2,"[0.9504794520547946, 0.9555479452054795]",0.0,0.65,apo-Tf,0.65,0.65,0.963
26331012-1Events_pair207,2,"[0.9547260273972603, 0.9588356164383561]",0.65,0.0,IgG,0.65,0.65,0.963
26331012-1Events_pair208,4,"[0.9496575342465754, 0.9517123287671233, 0.9537671232876712, 0.9567808219178082]",0.0,0.475,apo-Tf,0.475,0.475,0.915
26331012-1Events_pair209,2,"[0.9567808219178082, 0.958013698630137]",0.65,0.0,IgG,0.65,0.65,0.963
26331012-1Events_pair210,5,"[0.915, 0.9174657534246575, 0.958013698630137, 0.9596575342465753, 0.9604794520547946]",0.44,0.0,IgG,0.44,0.44,0.9
26331012-1Events_pair211,2,"[0.9588356164383561, 0.9596575342465753]",0.65,0.0,IgG,0.65,0.65,0.963
26331012-1Events_pair212,7,"[0.9421232876712329, 0.9454109589041096, 0.9525342465753425, 0.9543150684931507, 0.9559589041095891, 0.9576027397260274, 0.9600684931506849]",0.417,0.4,IgG,0.417,0.017,0.521
26331012-1Events_pair214,5,"[0.9551369863013699, 0.9567808219178082, 0.9592465753424657, 0.9617123287671233, 0.9626712328767123]",0.44,0.0,IgG,0.44,0.44,0.9
26331012-1Events_pair216,4,"[0.9233561643835616, 0.9254109589041096, 0.9266438356164384, 0.9692465753424657]",0.0,0.0,Uncertain,0.0,0.0,0.0
26331012-1Events_pair219,2,"[0.9567808219178082, 0.9617123287671233]",0.65,0.0,IgG,0.65,0.65,0.963
26331012-1Events_pair220,7,"[0.9203424657534247, 0.9211643835616439, 0.9241780821917808, 0.9295205479452054, 0.948013698630137, 0.952945205479452, 0.9643150684931507]",0.502,0.4,IgG,0.502,0.102,0.625
26331012-1Events_pair221,3,"[0.9537671232876712, 0.9547260273972603, 0.9643150684931507]",0.533,0.0,IgG,0.533,0.533,0.935
26331012-1Events_pair222,3,"[0.9551369863013699, 0.9559589041095891, 0.9608904109589042]",0.533,0.0,IgG,0.533,0.533,0.935
26331012-1Events_pair223,2,"[0.9567808219178082, 0.9600684931506849]",0.65,0.0,IgG,0.65,0.65,0.963
26331012-1Events_pair224,2,"[0.9563698630136986, 0.9676027397260274]",0.0,0.0,Uncertain,0.0,0.0,0.0
26331012-1Events_pair226,3,"[0.9588356164383561, 0.9596575342465753, 0.9604794520547946]",0.533,0.0,IgG,0.533,0.533,0.935
26331012-1Events_pair227,4,"[0.9551369863013699, 0.9576027397260274, 0.9584246575342465, 0.9663698630136986]",0.475,0.0,IgG,0.475,0.475,0.915
26331012-1Events_pair228,6,"[0.9374657534246575, 0.9417123287671233, 0.948013698630137, 0.9504794520547946, 0.9517123287671233, 0.9659589041095891]",0.0,0.417,apo-Tf,0.417,0.417,0.889
26331012-1Events_pair229,2,"[0.9547260273972603, 0.9596575342465753]",0.65,0.0,IgG,0.65,0.65,0.963
26331012-1Events_pair230,4,"[0.9521232876712329, 0.9537671232876712, 0.9547260273972603, 0.968013698630137]",0.0,0.0,Uncertain,0.0,0.0,0.0
26331012-1Events_pair231,6,"[0.9484246575342465, 0.9504794520547946, 0.952945205479452, 0.9543150684931507, 0.9596575342465753, 0.963904109589041]",0.417,0.417,IgG,0.417,0.0,0.5
26331012-1Events_pair232,15,"[0.7021232876712329, 0.7043150684931507, 0.7051369863013699, 0.7084246575342465, 0.7330821917808219, 0.7347260273972602, 0.7799315068493151, 0.7815753424657534, 0.7840410958904109, 0.9525342465753425, 0.9533561643835616, 0.9543150684931507, 0.9559589041095891, 0.9576027397260274, 0.9584246575342465]",0.417,0.387,IgG,0.417,0.029,0.536
26331012-1Events_pair233,4,"[0.9543150684931507, 0.9555479452054795, 0.9576027397260274, 0.9584246575342465]",0.475,0.0,IgG,0.475,0.475,0.915
26331012-1Events_pair234,2,"[0.9559589041095891, 0.9608904109589042]",0.65,0.0,IgG,0.65,0.65,0.963
26331012-1Events_pair235,3,"[0.9404794520547946, 0.9471917808219178, 0.9525342465753425]",0.0,0.533,apo-Tf,0.533,0.533,0.935
26331012-1Events_pair237,3,"[0.952945205479452, 0.9537671232876712, 0.9588356164383561]",0.533,0.0,IgG,0.533,0.533,0.935
26331012-1Events_pair238,5,"[0.9551369863013699, 0.9567808219178082, 0.958013698630137, 0.9588356164383561, 0.9600684931506849]",0.44,0.0,IgG,0.44,0.44,0.9
26331012-1Events_pair243,6,"[0.9408904109589041, 0.9417123287671233, 0.9437671232876712, 0.9458219178082192, 0.9513013698630137, 0.9563698630136986]",0.0,0.417,apo-Tf,0.417,0.417,0.889
26331012-1Events_pair245,2,"[0.9513013698630137, 0.9604794520547946]",0.65,0.65,IgG,0.65,0.0,0.5
26331012-1Events_pair247,2,"[0.9559589041095891, 0.9588356164383561]",0.65,0.0,IgG,0.65,0.65,0.963
26331012-1Events_pair248,6,"[0.9508904109589041, 0.9525342465753425, 0.9533561643835616, 0.9543150684931507, 0.9596575342465753, 0.9684246575342466]",0.417,0.417,IgG,0.417,0.0,0.5
26331012-1Events_pair250,2,"[0.9567808219178082, 0.958013698630137]",0.65,0.0,IgG,0.65,0.65,0.963
26331012-1Events_pair251,4,"[0.9513013698630137, 0.9533561643835616, 0.9596575342465753, 0.9604794520547946]",0.475,0.475,IgG,0.475,0.0,0.5
26331012-1Events_pair253,2,"[0.9521232876712329, 0.952945205479452]",0.0,0.0,Uncertain,0.0,0.0,0.0
26331012-1Events_pair254,4,"[0.9488356164383561, 0.9496575342465754, 0.952945205479452, 0.9559589041095891]",0.0,0.475,apo-Tf,0.475,0.475,0.915
26331012-1Events_pair255,2,"[0.9592465753424657, 0.9600684931506849]",0.65,0.0,IgG,0.65,0.65,0.963
26331012-1Events_pair256,2,"[0.9588356164383561, 0.9596575342465753]",0.65,0.0,IgG,0.65,0.65,0.963
26331012-1Events_pair257,10,"[0.818013698630137, 0.820068493150685, 0.8467808219178082, 0.8506164383561644, 0.8756849315068493, 0.9378767123287671, 0.9563698630136986, 0.9571917808219178, 0.9588356164383561, 0.9692465753424657]",0.417,0.0,IgG,0.417,0.417,0.889
26331012-1Events_pair258,2,"[0.9588356164383561, 0.9600684931506849]",0.65,0.0,IgG,0.65,0.65,0.963
26331012-1Events_pair264,2,"[0.9567808219178082, 0.958013698630137]",0.65,0.0,IgG,0.65,0.65,0.963
26331012-1Events_pair265,2,"[0.9571917808219178, 0.958013698630137]",0.65,0.0,IgG,0.65,0.65,0.963
26331012-1Events_pair267,2,"[0.9547260273972603, 0.9596575342465753]",0.65,0.0,IgG,0.65,0.65,0.963
26331012-1Events_pair270,3,"[0.9547260273972603, 0.9559589041095891, 0.9571917808219178]",0.533,0.0,IgG,0.533,0.533,0.935
26331012-1Events_pair271,3,"[0.9458219178082192, 0.9563698630136986, 0.9613013698630137]",0.533,0.533,IgG,0.533,0.0,0.5
26331012-1Events_pair272,2,"[0.9508904109589041, 0.9643150684931507]",0.65,0.65,IgG,0.65,0.0,0.5
26331012-1Events_pair273,2,"[0.9525342465753425, 0.9576027397260274]",0.65,0.0,IgG,0.65,0.65,0.963
26331012-1Events_pair276,2,"[0.9563698630136986, 0.9571917808219178]",0.65,0.0,IgG,0.65,0.65,0.963
26331012-1Events_pair280,6,"[0.9221232876712329, 0.9233561643835616, 0.925, 0.9274657534246575, 0.9508904109589041, 0.9517123287671233]",0.417,0.417,IgG,0.417,0.0,0.5
26331012-1Events_pair281,4,"[0.9362328767123288, 0.9404794520547946, 0.9517123287671233, 0.9567808219178082]",0.0,0.475,apo-Tf,0.475,0.475,0.915
26331012-1Events_pair282,11,"[0.8514383561643836, 0.8522602739726027, 0.9278767123287671, 0.9341780821917808, 0.9358219178082192, 0.9425342465753425, 0.9437671232876712, 0.9458219178082192, 0.9508904109589041, 0.9517123287671233, 0.9613013698630137]",0.51,0.387,IgG,0.51,0.123,0.649
26331012-1Events_pair283,3,"[0.9413013698630137, 0.9525342465753425, 0.9543150684931507]",0.0,0.0,Uncertain,0.0,0.0,0.0
26331012-1Events_pair284,2,"[0.9537671232876712, 0.9663698630136986]",0.0,0.0,Uncertain,0.0,0.0,0.0
26331012-1Events_pair286,6,"[0.9258219178082192, 0.930068493150685, 0.9321232876712329, 0.9378767123287671, 0.9525342465753425, 0.9559589041095891]",0.417,0.0,IgG,0.417,0.417,0.889
26331012-1Events_pair287,6,"[0.942945205479452, 0.9437671232876712, 0.9445890410958904, 0.9463698630136986, 0.948013698630137, 0.9567808219178082]",0.0,0.417,apo-Tf,0.417,0.417,0.889
26331012-1Events_pair290,2,"[0.9600684931506849, 0.9621232876712329]",0.65,0.0,IgG,0.65,0.65,0.963
26331012-1Events_pair291,3,"[0.9537671232876712, 0.9588356164383561, 0.9647260273972603]",0.533,0.0,IgG,0.533,0.533,0.935
26331012-1Events_pair294,2,"[0.8706164383561644, 0.8718493150684932]",0.0,0.65,apo-Tf,0.65,0.65,0.963
26331012-1Events_pair297,2,"[0.9543150684931507, 0.9592465753424657]",0.65,0.0,IgG,0.65,0.65,0.963
26331012-1Events_pair299,2,"[0.9559589041095891, 0.9567808219178082]",0.0,0.0,Uncertain,0.0,0.0,0.0
26331012-1Events_pair300,2,"[0.9588356164383561, 0.963904109589041]",0.65,0.0,IgG,0.65,0.65,0.963
26331012-1Events_pair301,4,"[0.9467808219178082, 0.9517123287671233, 0.9537671232876712, 0.9551369863013699]",0.0,0.475,apo-Tf,0.475,0.475,0.915
26331012-1Events_pair303,5,"[0.9496575342465754, 0.9513013698630137, 0.9521232876712329, 0.9533561643835616, 0.9596575342465753]",0.44,0.44,IgG,0.44,0.0,0.5
26331012-1Events_pair305,2,"[0.9492465753424657, 0.952945205479452]",0.0,0.65,apo-Tf,0.65,0.65,0.963
26331012-1Events_pair306,2,"[0.9504794520547946, 0.9521232876712329]",0.0,0.65,apo-Tf,0.65,0.65,0.963
26331012-1Events_pair307,3,"[0.9567808219178082, 0.9576027397260274, 0.9592465753424657]",0.533,0.0,IgG,0.533,0.533,0.935
26331012-1Events_pair308,3,"[0.9433561643835616, 0.945, 0.9608904109589042]",0.533,0.533,IgG,0.533,0.0,0.5
26331012-1Events_pair311,2,"[0.9588356164383561, 0.9643150684931507]",0.65,0.0,IgG,0.65,0.65,0.963
26331012-1Events_pair314,3,"[0.958013698630137, 0.9663698630136986, 0.9684246575342466]",0.533,0.0,IgG,0.533,0.533,0.935
26331012-1Events_pair315,2,"[0.9559589041095891, 0.9608904109589042]",0.65,0.0,IgG,0.65,0.65,0.963
26331012-1Events_pair319,2,"[0.9604794520547946, 0.9671917808219178]",0.65,0.0,IgG,0.65,0.65,0.963
26331012-1Events_pair321,6,"[0.9441780821917808, 0.9467808219178082, 0.9484246575342465, 0.9492465753424657, 0.9563698630136986, 0.9647260273972603]",0.417,0.417,IgG,0.417,0.0,0.5
