Event,File,Pair,Num_Peaks,Peak_Positions,Mean_Peak,Min_Peak,Max_Peak,I0_used,Predicted_Class,Best_Score,Confidence,Certainty_Prob
26401017events-3_pair69,26401017events-3.csv,69,2,"[0.9519863013698631, 0.9528082191780822]",0.9523972602739726,0.9519863013698632,0.9528082191780822,7300.0,apo-Tf,0.65,0.65,0.963
26401017events-3_pair2,26401017events-3.csv,2,11,"[0.9095205479452054, 0.9286986301369863, 0.9317123287671233, 0.932945205479452, 0.9374657534246575, 0.940068493150685, 0.9413013698630137, 0.942945205479452, 0.9454109589041096, 0.947054794520548, 0.9521232876712329]",0.9372042341220422,0.9095205479452054,0.9521232876712328,7300.0,IgG,0.508,0.12,0.646
26401017events-2_pair102,26401017events-2.csv,102,8,"[0.8010273972602739, 0.8018493150684931, 0.8081506849315069, 0.811986301369863, 0.8165068493150685, 0.8203424657534246, 0.8232191780821918, 0.8291095890410959]",0.8140239726027397,0.8010273972602739,0.8291095890410959,7300.0,IgG,0.417,0.417,0.889
26401017events-3_pair56,26401017events-3.csv,56,3,"[0.9474657534246576, 0.9508904109589041, 0.9521232876712329]",0.9501598173515982,0.9474657534246576,0.9521232876712328,7300.0,apo-Tf,0.533,0.533,0.935
26401017events-3_pair73,26401017events-3.csv,73,3,"[0.9455479452054795, 0.9493835616438356, 0.9506164383561644]",0.9485159817351598,0.9455479452054796,0.9506164383561644,7300.0,apo-Tf,0.533,0.533,0.935
26401017events-3_pair58,26401017events-3.csv,58,2,"[0.9482876712328767, 0.952945205479452]",0.9506164383561644,0.9482876712328768,0.952945205479452,7300.0,apo-Tf,0.65,0.65,0.963
26401017events-3_pair116,26401017events-3.csv,116,3,"[0.9489726027397261, 0.9502054794520548, 0.9552739726027397]",0.9514840182648402,0.948972602739726,0.9552739726027396,7300.0,apo-Tf,0.533,0.533,0.935
26401017events-2_pair16,26401017events-2.csv,16,3,"[0.9228082191780822, 0.9248630136986301, 0.9282876712328767]",0.9253196347031964,0.9228082191780822,0.9282876712328768,7300.0,IgG,0.533,0.533,0.935
26401017events-3_pair129,26401017events-3.csv,129,2,"[0.9463698630136986, 0.9514383561643835]",0.9489041095890411,0.9463698630136986,0.9514383561643835,7300.0,apo-Tf,0.65,0.65,0.963
26401017events-4_pair15,26401017events-4.csv,15,6,"[0.8993835616438356, 0.9032191780821918, 0.9052739726027397, 0.9073287671232877, 0.9115753424657534, 0.9156849315068493]",0.9070776255707762,0.8993835616438356,0.9156849315068492,7300.0,IgG,0.417,0.417,0.889
26401017events-2_pair34,26401017events-2.csv,34,9,"[0.7673287671232877, 0.7711643835616439, 0.7728082191780822, 0.7740410958904109, 0.7752739726027398, 0.8237671232876712, 0.8276027397260274, 0.8304794520547946, 0.8317123287671233]",0.7971308980213089,0.7673287671232877,0.8317123287671233,7300.0,IgG,0.417,0.417,0.889
26401017events-2_pair61,26401017events-2.csv,61,6,"[0.816917808219178, 0.8211643835616438, 0.8219863013698631, 0.8248630136986301, 0.8286986301369863, 0.829931506849315]",0.8239269406392693,0.816917808219178,0.829931506849315,7300.0,IgG,0.417,0.417,0.889
26401017events-3_pair83,26401017events-3.csv,83,2,"[0.9492465753424657, 0.9514383561643835]",0.9503424657534246,0.9492465753424656,0.9514383561643835,7300.0,apo-Tf,0.65,0.65,0.963
26401017events-2_pair29,26401017events-2.csv,29,3,"[0.7482876712328768, 0.7521232876712329, 0.7596575342465753]",0.7533561643835617,0.7482876712328768,0.7596575342465753,7300.0,apo-Tf,0.533,0.533,0.935
26401017events-2_pair70,26401017events-2.csv,70,15,"[0.7667808219178082, 0.768013698630137, 0.7704794520547945, 0.7747260273972603, 0.7784246575342466, 0.7826712328767124, 0.7843150684931507, 0.7863698630136986, 0.8026712328767124, 0.8069178082191781, 0.8106164383561644, 0.8152739726027397, 0.8177397260273973, 0.818972602739726, 0.8232191780821918]",0.7938127853881279,0.7667808219178082,0.8232191780821918,7300.0,IgG,0.417,0.417,0.889
26401017events-3_pair40,26401017events-3.csv,40,8,"[0.9276027397260274, 0.9363698630136986, 0.9371917808219178, 0.9385616438356165, 0.9406164383561644, 0.9418493150684931, 0.9426712328767123, 0.9548630136986301]",0.9399657534246576,0.9276027397260274,0.95486301369863,7300.0,IgG,0.417,0.417,0.889
26401017events-3_pair23,26401017events-3.csv,23,2,"[0.949931506849315, 0.9515753424657534]",0.9507534246575342,0.949931506849315,0.9515753424657534,7300.0,apo-Tf,0.65,0.65,0.963
26401017events-2_pair41,26401017events-2.csv,41,2,"[0.8707534246575342, 0.8725342465753425]",0.8716438356164384,0.8707534246575342,0.8725342465753425,7300.0,apo-Tf,0.65,0.65,0.963
26401017events-3_pair78,26401017events-3.csv,78,2,"[0.9502054794520548, 0.9551369863013699]",0.9526712328767124,0.9502054794520548,0.95513698630137,7300.0,apo-Tf,0.65,0.65,0.963
26401017events-2_pair128,26401017events-2.csv,128,15,"[0.717054794520548, 0.725, 0.7292465753424657, 0.7367808219178082, 0.7936301369863014, 0.7952739726027397, 0.7977397260273973, 0.801986301369863, 0.8056849315068493, 0.8128082191780822, 0.814041095890411, 0.8178767123287671, 0.8195205479452055, 0.8262328767123288, 0.8274657534246576]",0.7880228310502282,0.717054794520548,0.8274657534246576,7300.0,IgG,0.417,0.029,0.536
26401017events-2_pair125,26401017events-2.csv,125,15,"[0.7545890410958904, 0.7578767123287671, 0.7658219178082192, 0.7704794520547945, 0.7741780821917809, 0.7788356164383562, 0.7821232876712328, 0.7867808219178082, 0.790068493150685, 0.7947260273972603, 0.795958904109589, 0.7984246575342466, 0.803082191780822, 0.8193835616438356, 0.8306164383561644]",0.7868630136986302,0.7545890410958904,0.8306164383561644,7300.0,IgG,0.417,0.029,0.536
26401017events-3_pair51,26401017events-3.csv,51,2,"[0.950068493150685, 0.9533561643835616]",0.9517123287671232,0.950068493150685,0.9533561643835616,7300.0,apo-Tf,0.65,0.65,0.963
26401017events-2_pair105,26401017events-2.csv,105,9,"[0.7607534246575343, 0.7945890410958905, 0.8226712328767123, 0.8251369863013699, 0.828013698630137, 0.8289726027397261, 0.8302054794520548, 0.8330821917808219, 0.8347260273972603]",0.817572298325723,0.7607534246575343,0.8347260273972603,7300.0,IgG,0.417,0.029,0.536
26401017events-3_pair29,26401017events-3.csv,29,3,"[0.9397945205479452, 0.9485616438356165, 0.9536301369863014]",0.9473287671232876,0.9397945205479452,0.9536301369863014,7300.0,apo-Tf,0.533,0.533,0.935
26401017events-2_pair59,26401017events-2.csv,59,2,"[0.7878767123287671, 0.7917123287671233]",0.7897945205479452,0.7878767123287671,0.7917123287671233,7300.0,apo-Tf,0.65,0.65,0.963
26401017events-2_pair46,26401017events-2.csv,46,8,"[0.7614383561643836, 0.7697945205479452, 0.8378767123287671, 0.8445890410958904, 0.848013698630137, 0.8508904109589042, 0.855, 0.8563698630136987]",0.8279965753424657,0.7614383561643836,0.8563698630136987,7300.0,IgG,0.417,0.417,0.889
26401017events-3_pair193,26401017events-3.csv,193,4,"[0.8873287671232877, 0.916095890410959, 0.9278767123287671, 0.9303424657534246]",0.9154109589041096,0.8873287671232877,0.9303424657534246,7300.0,IgG,0.475,0.475,0.915
26401017events-2_pair71,26401017events-2.csv,71,10,"[0.7582876712328767, 0.7591095890410959, 0.8444520547945206, 0.8495205479452055, 0.8503424657534246, 0.8515753424657534, 0.8599315068493151, 0.8611643835616438, 0.865, 0.8670547945205479]",0.8366438356164384,0.7582876712328767,0.8670547945205479,7300.0,IgG,0.417,0.029,0.536
26401017events-3_pair153,26401017events-3.csv,153,2,"[0.9462328767123288, 0.9511643835616438]",0.9486986301369864,0.9462328767123288,0.9511643835616438,7300.0,apo-Tf,0.65,0.65,0.963
26401017events-2_pair38,26401017events-2.csv,38,3,"[0.9328082191780822, 0.934041095890411, 0.9391095890410959]",0.9353196347031963,0.9328082191780822,0.939109589041096,7300.0,IgG,0.533,0.533,0.935
26401017events-2_pair90,26401017events-2.csv,90,15,"[0.7508904109589041, 0.7521232876712329, 0.7604794520547945, 0.7647260273972603, 0.7684246575342466, 0.7726712328767124, 0.7763698630136986, 0.7810273972602739, 0.788972602739726, 0.7969178082191781, 0.8006164383561644, 0.816917808219178, 0.8177397260273973, 0.8248630136986301, 0.8291095890410959]",0.7867899543378997,0.7508904109589041,0.8291095890410959,7300.0,IgG,0.417,0.029,0.536
26401017events-3_pair76,26401017events-3.csv,76,2,"[0.9514383561643835, 0.9526712328767123]",0.952054794520548,0.9514383561643835,0.9526712328767124,7300.0,apo-Tf,0.65,0.65,0.963
26401017events-3_pair80,26401017events-3.csv,80,3,"[0.9467808219178082, 0.9506164383561644, 0.9514383561643835]",0.9496118721461188,0.9467808219178082,0.9514383561643835,7300.0,apo-Tf,0.533,0.533,0.935
26401017events-3_pair132,26401017events-3.csv,132,3,"[0.9522602739726027, 0.9547260273972603, 0.9585616438356165]",0.9551826484018264,0.9522602739726028,0.9585616438356164,7300.0,IgG,0.533,0.533,0.935
26401017events-3_pair113,26401017events-3.csv,113,2,"[0.9497945205479452, 0.9536301369863014]",0.9517123287671232,0.9497945205479452,0.9536301369863014,7300.0,apo-Tf,0.65,0.65,0.963
26401017events-3_pair65,26401017events-3.csv,65,2,"[0.9511643835616438, 0.9528082191780822]",0.9519863013698632,0.9511643835616438,0.9528082191780822,7300.0,apo-Tf,0.65,0.65,0.963
26401017events-3_pair35,26401017events-3.csv,35,2,"[0.9515753424657534, 0.9523972602739726]",0.9519863013698632,0.9515753424657534,0.9523972602739726,7300.0,apo-Tf,0.65,0.65,0.963
26401017events-3_pair28,26401017events-3.csv,28,3,"[0.949931506849315, 0.9511643835616438, 0.9519863013698631]",0.951027397260274,0.949931506849315,0.9519863013698632,7300.0,apo-Tf,0.533,0.533,0.935
26401017events-2_pair72,26401017events-2.csv,72,2,"[0.827054794520548, 0.8308904109589041]",0.8289726027397261,0.827054794520548,0.8308904109589041,7300.0,IgG,0.65,0.65,0.963
26401017events-2_pair14,26401017events-2.csv,14,10,"[0.7815753424657534, 0.7869178082191781, 0.7907534246575343, 0.8286986301369863, 0.832945205479452, 0.835, 0.8362328767123288, 0.8388356164383561, 0.8400684931506849, 0.8445890410958904]",0.8215616438356165,0.7815753424657534,0.8445890410958904,7300.0,IgG,0.417,0.029,0.536
26401017events-3_pair68,26401017events-3.csv,68,3,"[0.9502054794520548, 0.9515753424657534, 0.9528082191780822]",0.9515296803652968,0.9502054794520548,0.9528082191780822,7300.0,apo-Tf,0.533,0.533,0.935
26401017events-3_pair34,26401017events-3.csv,34,2,"[0.9497945205479452, 0.9548630136986301]",0.9523287671232876,0.9497945205479452,0.95486301369863,7300.0,apo-Tf,0.65,0.65,0.963
26401017events-2_pair80,26401017events-2.csv,80,10,"[0.7323972602739726, 0.7362328767123287, 0.755, 0.8293835616438356, 0.8332191780821918, 0.861986301369863, 0.8658219178082192, 0.8666438356164383, 0.8682876712328768, 0.8699315068493151]",0.821890410958904,0.7323972602739726,0.8699315068493151,7300.0,IgG,0.522,0.135,0.662
26401017events-3_pair50,26401017events-3.csv,50,3,"[0.950068493150685, 0.9508904109589041, 0.9555479452054795]",0.9521689497716896,0.950068493150685,0.9555479452054796,7300.0,apo-Tf,0.533,0.533,0.935
26401017events-3_pair3,26401017events-3.csv,3,9,"[0.9065068493150685, 0.9303424657534246, 0.9382876712328767, 0.9413013698630137, 0.9437671232876712, 0.9445890410958904, 0.9496575342465754, 0.9545890410958904, 0.9571917808219178]",0.9406925418569254,0.9065068493150684,0.9571917808219178,7300.0,IgG,0.628,0.24,0.769
26401017events-3_pair107,26401017events-3.csv,107,2,"[0.944041095890411, 0.9541780821917808]",0.949109589041096,0.944041095890411,0.9541780821917808,7300.0,apo-Tf,0.65,0.65,0.963
26401017events-3_pair185,26401017events-3.csv,185,4,"[0.925, 0.9258219178082192, 0.9311643835616439, 0.937054794520548]",0.9297602739726027,0.925,0.937054794520548,7300.0,IgG,0.475,0.475,0.915
26401017events-2_pair75,26401017events-2.csv,75,6,"[0.7592465753424658, 0.7621232876712328, 0.7629452054794521, 0.8256849315068493, 0.8277397260273973, 0.8289726027397261]",0.7944520547945206,0.7592465753424658,0.8289726027397261,7300.0,IgG,0.417,0.417,0.889
26401017events-2_pair137,26401017events-2.csv,137,5,"[0.8251369863013699, 0.8267808219178082, 0.8288356164383561, 0.833904109589041, 0.8347260273972603]",0.8298767123287671,0.8251369863013699,0.8347260273972603,7300.0,IgG,0.44,0.44,0.9
26401017events-3_pair183,26401017events-3.csv,183,8,"[0.9148630136986301, 0.9156849315068493, 0.919931506849315, 0.9211643835616439, 0.9223972602739726, 0.924041095890411, 0.925, 0.9282876712328767]",0.9214212328767124,0.91486301369863,0.9282876712328768,7300.0,IgG,0.417,0.417,0.889
26401017events-3_pair46,26401017events-3.csv,46,2,"[0.9492465753424657, 0.9530821917808219]",0.9511643835616438,0.9492465753424656,0.953082191780822,7300.0,apo-Tf,0.65,0.65,0.963
26401017events-2_pair76,26401017events-2.csv,76,5,"[0.8265068493150685, 0.8297945205479452, 0.834041095890411, 0.8352739726027397, 0.8365068493150685]",0.8324246575342464,0.8265068493150685,0.8365068493150685,7300.0,IgG,0.44,0.44,0.9
26401017events-3_pair92,26401017events-3.csv,92,2,"[0.9504794520547946, 0.9534931506849315]",0.9519863013698632,0.9504794520547946,0.9534931506849316,7300.0,apo-Tf,0.65,0.65,0.963
26401017events-3_pair167,26401017events-3.csv,167,3,"[0.8155479452054795, 0.820068493150685, 0.8243150684931507]",0.8199771689497717,0.8155479452054795,0.8243150684931507,7300.0,IgG,0.533,0.533,0.935
26401017events-4_pair8,26401017events-4.csv,8,5,"[0.9040410958904109, 0.9052739726027397, 0.906095890410959, 0.9069178082191781, 0.917054794520548]",0.9078767123287672,0.9040410958904108,0.917054794520548,7300.0,IgG,0.44,0.44,0.9
26401017events-3_pair135,26401017events-3.csv,135,2,"[0.948013698630137, 0.9530821917808219]",0.9505479452054796,0.948013698630137,0.953082191780822,7300.0,apo-Tf,0.65,0.65,0.963
26401017events-3_pair214,26401017events-3.csv,214,15,"[0.8117123287671233, 0.8133561643835616, 0.8158219178082192, 0.8174657534246575, 0.820068493150685, 0.8208904109589041, 0.8237671232876712, 0.878972602739726, 0.8865068493150685, 0.8906164383561643, 0.927054794520548, 0.9291095890410959, 0.9323972602739726, 0.9333561643835616, 0.9341780821917808]",0.8690182648401826,0.8117123287671233,0.9341780821917808,7300.0,IgG,0.513,0.513,0.929
26401017events-3_pair128,26401017events-3.csv,128,2,"[0.9463698630136986, 0.9502054794520548]",0.9482876712328768,0.9463698630136986,0.9502054794520548,7300.0,apo-Tf,0.65,0.65,0.963
26401017events-2_pair10,26401017events-2.csv,10,13,"[0.755, 0.7582876712328767, 0.7591095890410959, 0.7629452054794521, 0.7670547945205479, 0.7888356164383562, 0.7896575342465754, 0.7917123287671233, 0.7955479452054794, 0.7996575342465754, 0.8197945205479452, 0.8239041095890411, 0.8277397260273973]",0.7876343519494206,0.755,0.8277397260273973,7300.0,IgG,0.417,0.029,0.536
26401017events-3_pair170,26401017events-3.csv,170,7,"[0.8285616438356165, 0.8323972602739727, 0.8344520547945206, 0.8365068493150685, 0.8403424657534246, 0.8436301369863014, 0.8444520547945206]",0.8371917808219178,0.8285616438356165,0.8444520547945206,7300.0,IgG,0.417,0.417,0.889
26401017events-3_pair84,26401017events-3.csv,84,3,"[0.948013698630137, 0.9497945205479452, 0.9547260273972603]",0.9508447488584476,0.948013698630137,0.9547260273972604,7300.0,apo-Tf,0.533,0.533,0.935
26401017events-3_pair106,26401017events-3.csv,106,9,"[0.9185616438356164, 0.9232191780821918, 0.924041095890411, 0.9269178082191781, 0.9285616438356165, 0.9474657534246576, 0.9495205479452055, 0.9528082191780822, 0.9537671232876712]",0.9360958904109588,0.9185616438356164,0.9537671232876712,7300.0,IgG,0.417,0.029,0.536
26401017events-3_pair109,26401017events-3.csv,109,3,"[0.946917808219178, 0.9519863013698631, 0.9532191780821918]",0.9507077625570776,0.946917808219178,0.9532191780821918,7300.0,apo-Tf,0.533,0.533,0.935
26401017events-3_pair47,26401017events-3.csv,47,2,"[0.9488356164383561, 0.9539041095890411]",0.9513698630136986,0.948835616438356,0.9539041095890411,7300.0,apo-Tf,0.65,0.65,0.963
26401017events-3_pair136,26401017events-3.csv,136,2,"[0.9502054794520548, 0.951027397260274]",0.9506164383561644,0.9502054794520548,0.951027397260274,7300.0,apo-Tf,0.65,0.65,0.963
26401017events-2_pair39,26401017events-2.csv,39,15,"[0.8236301369863014, 0.8244520547945206, 0.8265068493150685, 0.826917808219178, 0.8282876712328767, 0.8286986301369863, 0.8291095890410959, 0.8319863013698631, 0.8344520547945206, 0.8348630136986301, 0.8352739726027397, 0.8356849315068493, 0.8366438356164384, 0.837054794520548, 0.8395205479452055]",0.8315388127853881,0.8236301369863014,0.8395205479452055,7300.0,IgG,0.417,0.417,0.889
26401017events-3_pair151,26401017events-3.csv,151,2,"[0.9478767123287671, 0.9521232876712329]",0.95,0.9478767123287672,0.9521232876712328,7300.0,apo-Tf,0.65,0.65,0.963
26401017events-3_pair86,26401017events-3.csv,86,2,"[0.951027397260274, 0.9530821917808219]",0.952054794520548,0.951027397260274,0.953082191780822,7300.0,apo-Tf,0.65,0.65,0.963
26401017events-4_pair10,26401017events-4.csv,10,2,"[0.9466438356164384, 0.9474657534246576]",0.947054794520548,0.9466438356164384,0.9474657534246576,7300.0,apo-Tf,0.65,0.65,0.963
26401017events-3_pair16,26401017events-3.csv,16,2,"[0.9511643835616438, 0.9545890410958904]",0.9528767123287673,0.9511643835616438,0.9545890410958904,7300.0,apo-Tf,0.65,0.65,0.963
26401017events-3_pair48,26401017events-3.csv,48,3,"[0.9421232876712329, 0.9496575342465754, 0.9521232876712329]",0.9479680365296804,0.9421232876712328,0.9521232876712328,7300.0,apo-Tf,0.533,0.533,0.935
26401017events-3_pair91,26401017events-3.csv,91,3,"[0.9484246575342465, 0.950068493150685, 0.9539041095890411]",0.9507990867579909,0.9484246575342464,0.9539041095890411,7300.0,apo-Tf,0.533,0.533,0.935
26401017events-2_pair56,26401017events-2.csv,56,9,"[0.8069178082191781, 0.811027397260274, 0.8148630136986301, 0.8173287671232877, 0.8595205479452055, 0.8633561643835617, 0.8745890410958904, 0.8754109589041096, 0.8792465753424658]",0.8446955859969558,0.8069178082191781,0.8792465753424658,7300.0,IgG,0.417,0.029,0.536
26401017events-3_pair155,26401017events-3.csv,155,2,"[0.9486986301369863, 0.9515753424657534]",0.9501369863013698,0.9486986301369864,0.9515753424657534,7300.0,apo-Tf,0.65,0.65,0.963
26401017events-3_pair163,26401017events-3.csv,163,2,"[0.9502054794520548, 0.9552739726027397]",0.9527397260273972,0.9502054794520548,0.9552739726027396,7300.0,apo-Tf,0.65,0.65,0.963
26401017events-3_pair63,26401017events-3.csv,63,2,"[0.9486986301369863, 0.9537671232876712]",0.9512328767123288,0.9486986301369864,0.9537671232876712,7300.0,apo-Tf,0.65,0.65,0.963
26401017events-3_pair26,26401017events-3.csv,26,2,"[0.946917808219178, 0.949931506849315]",0.9484246575342464,0.946917808219178,0.949931506849315,7300.0,apo-Tf,0.65,0.65,0.963
26401017events-3_pair59,26401017events-3.csv,59,3,"[0.9486986301369863, 0.9504794520547946, 0.9554109589041095]",0.9515296803652968,0.9486986301369864,0.9554109589041097,7300.0,apo-Tf,0.533,0.533,0.935
26401017events-4_pair4,26401017events-4.csv,4,15,"[0.9011643835616439, 0.9069178082191781, 0.9081506849315069, 0.9111643835616439, 0.9132191780821918, 0.9140410958904109, 0.9148630136986301, 0.919931506849315, 0.9211643835616439, 0.9223972602739726, 0.924041095890411, 0.9266438356164384, 0.9282876712328767, 0.9295205479452054, 0.9307534246575343]",0.9181506849315072,0.901164383561644,0.9307534246575344,7300.0,IgG,0.511,0.511,0.928
26401017events-3_pair184,26401017events-3.csv,184,2,"[0.9295205479452054, 0.9307534246575343]",0.93013698630137,0.9295205479452054,0.9307534246575344,7300.0,IgG,0.65,0.65,0.963
26401017events-3_pair67,26401017events-3.csv,67,3,"[0.9481506849315069, 0.949931506849315, 0.9548630136986301]",0.9509817351598174,0.9481506849315068,0.95486301369863,7300.0,apo-Tf,0.533,0.533,0.935
26401017events-2_pair81,26401017events-2.csv,81,7,"[0.803082191780822, 0.9045890410958904, 0.9071917808219178, 0.9088356164383562, 0.9108904109589041, 0.912945205479452, 0.9151369863013699]",0.8946673189823875,0.803082191780822,0.91513698630137,7300.0,IgG,0.417,0.417,0.889
26401017events-3_pair156,26401017events-3.csv,156,2,"[0.9491095890410959, 0.954041095890411]",0.9515753424657534,0.949109589041096,0.954041095890411,7300.0,apo-Tf,0.65,0.65,0.963
26401017events-2_pair96,26401017events-2.csv,96,3,"[0.9436301369863014, 0.9474657534246576, 0.9507534246575342]",0.947283105022831,0.9436301369863014,0.9507534246575342,7300.0,apo-Tf,0.533,0.533,0.935
26401017events-3_pair6,26401017events-3.csv,6,3,"[0.9521232876712329, 0.952945205479452, 0.9584246575342465]",0.9544977168949772,0.9521232876712328,0.9584246575342464,7300.0,IgG,0.533,0.533,0.935
26401017events-3_pair189,26401017events-3.csv,189,4,"[0.9291095890410959, 0.929931506849315, 0.9333561643835616, 0.935]",0.9318493150684932,0.929109589041096,0.935,7300.0,IgG,0.475,0.475,0.915
26401017events-3_pair104,26401017events-3.csv,104,11,"[0.9244520547945205, 0.9260958904109589, 0.9277397260273973, 0.929931506849315, 0.9362328767123288, 0.9436301369863014, 0.9445890410958904, 0.9491095890410959, 0.9515753424657534, 0.952945205479452, 0.955]",0.940118306351183,0.9244520547945204,0.955,7300.0,IgG,0.417,0.029,0.536
26401017events-3_pair126,26401017events-3.csv,126,2,"[0.9497945205479452, 0.9514383561643835]",0.9506164383561644,0.9497945205479452,0.9514383561643835,7300.0,apo-Tf,0.65,0.65,0.963
26401017events-2_pair139,26401017events-2.csv,139,2,"[0.9384246575342465, 0.9467808219178082]",0.9426027397260274,0.9384246575342464,0.9467808219178082,7300.0,apo-Tf,0.65,0.65,0.963
26401017events-3_pair112,26401017events-3.csv,112,2,"[0.9495205479452055, 0.9544520547945206]",0.9519863013698632,0.9495205479452056,0.9544520547945206,7300.0,apo-Tf,0.65,0.65,0.963
26401017events-2_pair140,26401017events-2.csv,140,11,"[0.9292465753424658, 0.9384246575342465, 0.9422602739726027, 0.9434931506849316, 0.9447260273972603, 0.9455479452054795, 0.9463698630136986, 0.9471917808219178, 0.9485616438356165, 0.9497945205479452, 0.9514383561643835]",0.9442777085927768,0.9292465753424658,0.9514383561643835,7300.0,IgG,0.417,0.029,0.536
26401017events-2_pair101,26401017events-2.csv,101,9,"[0.7977397260273973, 0.798972602739726, 0.8160958904109589, 0.8195205479452055, 0.8236301369863014, 0.8278767123287671, 0.8315753424657534, 0.8358219178082191, 0.8395205479452055]",0.8211948249619483,0.7977397260273973,0.8395205479452055,7300.0,IgG,0.417,0.417,0.889
26401017events-3_pair8,26401017events-3.csv,8,3,"[0.9386986301369863, 0.9474657534246576, 0.9513013698630137]",0.9458219178082192,0.9386986301369864,0.9513013698630136,7300.0,apo-Tf,0.533,0.533,0.935
26401017events-3_pair44,26401017events-3.csv,44,9,"[0.8991095890410958, 0.8999315068493151, 0.9025342465753424, 0.9033561643835616, 0.9054109589041096, 0.9237671232876712, 0.9313013698630137, 0.9351369863013699, 0.9430821917808219]",0.915958904109589,0.8991095890410958,0.943082191780822,7300.0,IgG,0.496,0.496,0.923
26401017events-3_pair30,26401017events-3.csv,30,2,"[0.9477397260273973, 0.9515753424657534]",0.9496575342465754,0.9477397260273972,0.9515753424657534,7300.0,apo-Tf,0.65,0.65,0.963
26401017events-2_pair141,26401017events-2.csv,141,8,"[0.8073287671232877, 0.8081506849315069, 0.8097945205479452, 0.8106164383561644, 0.813082191780822, 0.851986301369863, 0.8537671232876712, 0.8554109589041096]",0.8262671232876713,0.8073287671232877,0.8554109589041096,7300.0,IgG,0.417,0.417,0.889
26401017events-4_pair24,26401017events-4.csv,24,4,"[0.8266438356164384, 0.8288356164383561, 0.830068493150685, 0.8341780821917808]",0.8299315068493152,0.8266438356164384,0.8341780821917808,7300.0,IgG,0.475,0.475,0.915
26401017events-4_pair1,26401017events-4.csv,1,3,"[0.9002054794520548, 0.9044520547945205, 0.9052739726027397]",0.9033105022831048,0.9002054794520548,0.9052739726027396,7300.0,IgG,0.533,0.533,0.935
26401017events-4_pair34,26401017events-4.csv,34,2,"[0.8530821917808219, 0.8543150684931506]",0.8536986301369862,0.8530821917808219,0.8543150684931506,7300.0,IgG,0.65,0.65,0.963
26401017events-3_pair144,26401017events-3.csv,144,2,"[0.950068493150685, 0.9521232876712329]",0.951095890410959,0.950068493150685,0.9521232876712328,7300.0,apo-Tf,0.65,0.65,0.963
26401017events-2_pair1,26401017events-2.csv,1,12,"[0.888972602739726, 0.8897945205479452, 0.8930821917808219, 0.8969178082191781, 0.9022602739726028, 0.9032191780821918, 0.9048630136986301, 0.9056849315068494, 0.908972602739726, 0.9128082191780822, 0.9136301369863014, 0.9181506849315069]",0.9031963470319632,0.888972602739726,0.9181506849315068,7300.0,IgG,0.417,0.029,0.536
26401017events-4_pair36,26401017events-4.csv,36,7,"[0.8274657534246576, 0.830068493150685, 0.8526712328767123, 0.8539041095890411, 0.8592465753424657, 0.8626712328767123, 0.8647260273972602]",0.8501076320939335,0.8274657534246576,0.8647260273972602,7300.0,IgG,0.528,0.128,0.654
26401017events-3_pair101,26401017events-3.csv,101,2,"[0.950068493150685, 0.9521232876712329]",0.951095890410959,0.950068493150685,0.9521232876712328,7300.0,apo-Tf,0.65,0.65,0.963
26401017events-2_pair110,26401017events-2.csv,110,6,"[0.848013698630137, 0.8488356164383561, 0.8496575342465753, 0.8504794520547945, 0.8513013698630137, 0.8551369863013699]",0.8505707762557079,0.848013698630137,0.8551369863013699,7300.0,IgG,0.417,0.417,0.889
26401017events-3_pair178,26401017events-3.csv,178,11,"[0.888972602739726, 0.891027397260274, 0.8932191780821918, 0.8952739726027398, 0.9107534246575343, 0.9136301369863014, 0.9178767123287671, 0.9203424657534247, 0.9211643835616439, 0.9223972602739726, 0.9266438356164384]",0.9092092154420922,0.888972602739726,0.9266438356164384,7300.0,IgG,0.417,0.029,0.536
26401017events-2_pair36,26401017events-2.csv,36,14,"[0.7434931506849315, 0.7443150684931507, 0.7451369863013698, 0.7493835616438356, 0.7530821917808219, 0.7556849315068493, 0.8174657534246575, 0.8196575342465754, 0.8245890410958904, 0.8262328767123288, 0.8271917808219178, 0.8308904109589041, 0.8325342465753425, 0.8359589041095891]",0.7932583170254404,0.7434931506849315,0.8359589041095891,7300.0,IgG,0.417,0.029,0.536
26401017events-3_pair19,26401017events-3.csv,19,2,"[0.9491095890410959, 0.9541780821917808]",0.9516438356164384,0.949109589041096,0.9541780821917808,7300.0,apo-Tf,0.65,0.65,0.963
26401017events-3_pair64,26401017events-3.csv,64,3,"[0.9491095890410959, 0.954041095890411, 0.9558219178082191]",0.9529908675799086,0.949109589041096,0.9558219178082192,7300.0,apo-Tf,0.533,0.533,0.935
26401017events-3_pair70,26401017events-3.csv,70,2,"[0.9502054794520548, 0.9532191780821918]",0.9517123287671232,0.9502054794520548,0.9532191780821918,7300.0,apo-Tf,0.65,0.65,0.963
26401017events-3_pair164,26401017events-3.csv,164,2,"[0.9473287671232876, 0.951027397260274]",0.9491780821917808,0.9473287671232876,0.951027397260274,7300.0,apo-Tf,0.65,0.65,0.963
26401017events-3_pair125,26401017events-3.csv,125,2,"[0.9506164383561644, 0.9514383561643835]",0.951027397260274,0.9506164383561644,0.9514383561643835,7300.0,apo-Tf,0.65,0.65,0.963
26401017events-3_pair62,26401017events-3.csv,62,3,"[0.9411643835616438, 0.9486986301369863, 0.9537671232876712]",0.9478767123287672,0.9411643835616438,0.9537671232876712,7300.0,apo-Tf,0.533,0.533,0.935
26401017events-3_pair81,26401017events-3.csv,81,3,"[0.9497945205479452, 0.9514383561643835, 0.9522602739726027]",0.9511643835616438,0.9497945205479452,0.9522602739726028,7300.0,apo-Tf,0.533,0.533,0.935
26401017events-3_pair10,26401017events-3.csv,10,2,"[0.9521232876712329, 0.9600684931506849]",0.9560958904109588,0.9521232876712328,0.9600684931506848,7300.0,IgG,0.65,0.65,0.963
26401017events-3_pair148,26401017events-3.csv,148,2,"[0.9491095890410959, 0.9545890410958904]",0.9518493150684932,0.949109589041096,0.9545890410958904,7300.0,apo-Tf,0.65,0.65,0.963
26401017events-2_pair48,26401017events-2.csv,48,15,"[0.7347260273972602, 0.7381506849315068, 0.7422602739726027, 0.7465068493150685, 0.7502054794520548, 0.7544520547945206, 0.802945205479452, 0.8108904109589041, 0.8133561643835616, 0.815, 0.8192465753424657, 0.8221232876712329, 0.822945205479452, 0.8271917808219178, 0.8288356164383561]",0.7885890410958905,0.7347260273972602,0.8288356164383561,7300.0,IgG,0.417,0.029,0.536
26401017events-4_pair14,26401017events-4.csv,14,4,"[0.901986301369863, 0.9032191780821918, 0.906095890410959, 0.9069178082191781]",0.904554794520548,0.901986301369863,0.906917808219178,7300.0,IgG,0.475,0.475,0.915
26401017events-3_pair21,26401017events-3.csv,21,3,"[0.947054794520548, 0.9519863013698631, 0.9536301369863014]",0.950890410958904,0.947054794520548,0.9536301369863014,7300.0,apo-Tf,0.533,0.533,0.935
26401017events-3_pair57,26401017events-3.csv,57,2,"[0.9478767123287671, 0.952945205479452]",0.9504109589041096,0.9478767123287672,0.952945205479452,7300.0,apo-Tf,0.65,0.65,0.963
26401017events-3_pair103,26401017events-3.csv,103,2,"[0.9513013698630137, 0.9525342465753425]",0.9519178082191782,0.9513013698630136,0.9525342465753424,7300.0,apo-Tf,0.65,0.65,0.963
26401017events-2_pair93,26401017events-2.csv,93,15,"[0.771027397260274, 0.7748630136986301, 0.7756849315068494, 0.7765068493150685, 0.7836301369863014, 0.7952739726027397, 0.799931506849315, 0.8036301369863014, 0.8078767123287671, 0.8115753424657535, 0.8158219178082192, 0.8174657534246575, 0.8195205479452055, 0.8225342465753425, 0.8233561643835616]",0.7999132420091325,0.771027397260274,0.8233561643835616,7300.0,IgG,0.417,0.029,0.536
26401017events-3_pair43,26401017events-3.csv,43,15,"[0.8878767123287671, 0.8886986301369864, 0.8962328767123288, 0.9008904109589041, 0.9088356164383562, 0.9292465753424658, 0.9314383561643835, 0.9318493150684931, 0.9347260273972603, 0.9363698630136986, 0.9392465753424658, 0.9396575342465754, 0.9426712328767123, 0.9476027397260274, 0.9502054794520548]",0.9243698630136986,0.8878767123287671,0.9502054794520548,7300.0,IgG,0.516,0.052,0.565
26401017events-3_pair175,26401017events-3.csv,175,4,"[0.9195205479452054, 0.9223972602739726, 0.925, 0.9341780821917808]",0.9252739726027396,0.9195205479452054,0.9341780821917808,7300.0,IgG,0.475,0.475,0.915
26401017events-3_pair177,26401017events-3.csv,177,13,"[0.9191095890410959, 0.919931506849315, 0.9236301369863014, 0.925, 0.9295205479452054, 0.9315753424657535, 0.932945205479452, 0.9345890410958904, 0.9354109589041096, 0.9374657534246575, 0.9458219178082192, 0.9492465753424657, 0.9504794520547946]",0.9334404636459432,0.919109589041096,0.9504794520547946,7300.0,IgG,0.417,0.029,0.536
26401017events-3_pair205,26401017events-3.csv,205,12,"[0.8869178082191781, 0.8881506849315068, 0.9195205479452054, 0.9258219178082192, 0.929931506849315, 0.931986301369863, 0.9358219178082192, 0.9374657534246575, 0.9433561643835616, 0.9496575342465754, 0.9525342465753425, 0.9596575342465753]",0.9300684931506852,0.8869178082191781,0.9596575342465752,7300.0,IgG,0.531,0.144,0.672
26401017events-3_pair32,26401017events-3.csv,32,2,"[0.9473287671232876, 0.9523972602739726]",0.94986301369863,0.9473287671232876,0.9523972602739726,7300.0,apo-Tf,0.65,0.65,0.963
26401017events-3_pair115,26401017events-3.csv,115,2,"[0.9502054794520548, 0.9528082191780822]",0.9515068493150683,0.9502054794520548,0.9528082191780822,7300.0,apo-Tf,0.65,0.65,0.963
26401017events-3_pair71,26401017events-3.csv,71,2,"[0.9497945205479452, 0.9530821917808219]",0.9514383561643835,0.9497945205479452,0.953082191780822,7300.0,apo-Tf,0.65,0.65,0.963
26401017events-4_pair11,26401017events-4.csv,11,7,"[0.9002054794520548, 0.9073287671232877, 0.9111643835616439, 0.911986301369863, 0.9132191780821918, 0.917054794520548, 0.9345890410958904]",0.9136497064579256,0.9002054794520548,0.9345890410958904,7300.0,IgG,0.505,0.505,0.926
26401017events-3_pair1,26401017events-3.csv,1,7,"[0.9274657534246575, 0.9295205479452054, 0.9333561643835616, 0.9362328767123288, 0.937054794520548, 0.9545890410958904, 0.9571917808219178]",0.9393444227005872,0.9274657534246576,0.9571917808219178,7300.0,IgG,0.514,0.514,0.929
26401017events-3_pair215,26401017events-3.csv,215,13,"[0.8563698630136987, 0.8584246575342466, 0.8592465753424657, 0.8606164383561644, 0.8830821917808219, 0.8877397260273973, 0.8906164383561643, 0.9182876712328767, 0.9295205479452054, 0.9303424657534246, 0.935, 0.9366438356164384, 0.9403424657534246]",0.898940990516333,0.8563698630136987,0.9403424657534246,7300.0,IgG,0.532,0.532,0.935
26401017events-3_pair74,26401017events-3.csv,74,2,"[0.9489726027397261, 0.9539041095890411]",0.9514383561643835,0.948972602739726,0.9539041095890411,7300.0,apo-Tf,0.65,0.65,0.963
26401017events-2_pair78,26401017events-2.csv,78,10,"[0.7748630136986301, 0.7760958904109589, 0.7785616438356164, 0.815, 0.8162328767123288, 0.8174657534246575, 0.8195205479452055, 0.8203424657534246, 0.8211643835616438, 0.8237671232876712]",0.8063013698630138,0.7748630136986301,0.8237671232876712,7300.0,IgG,0.417,0.417,0.889
26401017events-3_pair11,26401017events-3.csv,11,2,"[0.9503424657534246, 0.9517123287671233]",0.951027397260274,0.9503424657534246,0.9517123287671232,7300.0,apo-Tf,0.65,0.65,0.963
26401017events-3_pair45,26401017events-3.csv,45,3,"[0.9408904109589041, 0.9492465753424657, 0.9543150684931507]",0.9481506849315068,0.940890410958904,0.9543150684931508,7300.0,apo-Tf,0.533,0.533,0.935
26401017events-3_pair15,26401017events-3.csv,15,10,"[0.9311643835616439, 0.9348630136986301, 0.937054794520548, 0.9386986301369863, 0.9403424657534246, 0.9415753424657535, 0.9423972602739726, 0.9482876712328767, 0.9491095890410959, 0.9515753424657534]",0.9415068493150685,0.931164383561644,0.9515753424657534,7300.0,IgG,0.417,0.029,0.536
26401017events-3_pair124,26401017events-3.csv,124,2,"[0.9467808219178082, 0.9522602739726027]",0.9495205479452056,0.9467808219178082,0.9522602739726028,7300.0,apo-Tf,0.65,0.65,0.963
26401017events-4_pair32,26401017events-4.csv,32,6,"[0.9191095890410959, 0.9223972602739726, 0.9266438356164384, 0.9274657534246575, 0.929931506849315, 0.9307534246575343]",0.9260502283105022,0.919109589041096,0.9307534246575344,7300.0,IgG,0.417,0.417,0.889
